id,nombre_cliente,edad,ciudad
1,Jethro,54,Tianxin
2,Emmalynn,98,Languan
3,Fleurette,88,Baziqiao
4,Beret,63,Xinfeng
5,Leela,37,Raškovice
6,Miguelita,35,Anahawan
7,Clo,90,Morelos
8,Maxie,41,Le Tampon
9,Gare,23,Shuikou
10,Larissa,25,Banyo
11,Hamnet,94,Abū Sunbul
12,Arny,80,Weibin
13,Ileane,95,Bigaa
14,Tiphanie,47,Launceston
15,Wally,41,Murów
16,Rebeca,94,Krrabë
17,Brandon,46,San Manuel
18,Orlando,79,Tancheng
19,Juanita,79,Patambuco
20,Helene,66,Sam Chuk
21,Stephanus,27,Huangbei
22,Kathryn,28,Malax
23,Orville,67,Sangkulirang
24,Toinette,90,San Carlos
25,Ichabod,43,Gakovo
26,Thornton,57,Citundun
27,Arnold,33,Nkoteng
28,Marlie,24,Darma
29,Rabbi,83,Pastores
30,Siobhan,56,Svenljunga
31,Baudoin,77,Kepel
32,Florance,76,Songjiang
33,Sadye,93,Baiyangwan
34,Herculie,68,Vinica
35,Giorgia,97,Muranovo
36,Hunfredo,77,Randegan
37,Sherline,87,Sumberan
38,Zackariah,67,Long Beach
39,Alasteir,28,Kivertsi
40,Shane,63,Hohoe
41,Quent,50,Guararema
42,Valenka,100,Raszków
43,Sarge,38,Denton
44,Base,78,Pandak
45,Abie,75,Pomahuaca
46,Jarid,67,Corujeira
47,Suellen,62,Milwaukee
48,Caren,64,Fort Worth
49,Rahal,40,Xiwei
50,Hollyanne,46,Cipolletti
51,Evin,88,Kroonstad
52,Gabriellia,99,Taiping
53,Bartholomeus,27,Cermee
54,Denver,74,Sobue
55,Lucho,53,Huajlaya
56,Marne,60,Lunang
57,Susie,27,Urambo
58,Brigitte,47,Moyo
59,Malva,43,Glencoe
60,Elyssa,21,Gachancipá
61,Cord,21,Alcácer do Sal
62,Lyndel,42,Masjid
63,Catherina,30,Piracanjuba
64,Sandy,48,Siquanpu
65,Nat,55,Campo Formoso
66,Winona,81,Muang Sam Sip
67,Dimitri,79,Quimper
68,Skylar,79,Kamionka Strumitowa
69,Hermon,95,Satsumasendai
70,Cobb,57,Fort Smith
71,Rowland,49,San Miguel
72,Odelle,77,Erjia
73,Casey,71,Nogueira
74,Peder,29,Esperanza
75,Man,76,Muraloka
76,Toni,62,Béziers
77,Janos,33,Cincinnati
78,Thea,20,Chunhua
79,Kit,81,Yichun
80,Ian,26,Soritor
81,Petr,95,Barg-e Matāl
82,Danette,65,Lembung Tengah
83,Rick,38,Dumandesa
84,Anita,75,Alvaro Obregon
85,Michaelina,69,Valence
86,Babara,87,Złotów
87,Florry,22,Cuauhtemoc
88,Gareth,46,Qiman
89,Tobiah,43,Tateyama
90,Kaiser,26,Panghadangan
91,Roseanna,38,Sarangmeduro
92,Sergeant,99,Innisfil
93,Rheba,37,Boguchwała
94,Darill,42,Ujazd
95,Simonne,64,Guanghai
96,Tiphany,25,Molde
97,Glenna,67,Ghouazi
98,Ban,58,Lysekil
99,Jermaine,42,Kasserine
100,Christie,47,Grenoble
101,Lanae,47,Fale old settlement
102,Nicolais,70,Badāmā
103,Ivonne,46,Abhar
104,Chrisse,74,Chacabuco
105,Nana,100,Wierzchucino
106,Tamera,68,Yishi
107,Doti,65,Neuquén
108,Kaitlynn,31,Chichaoua
109,Salvatore,73,Kenyau
110,Brennan,68,Newton
111,Freddi,28,Shaxi
112,Clem,58,Nozdrzec
113,Garrik,67,Launceston
114,Reena,90,San Antonio
115,Phebe,47,Zeerust
116,Brigitta,38,Liuzu
117,Jed,96,Shamva
118,Fabio,34,Karabanovo
119,Ernesta,87,Yu’erhong
120,Philipa,91,Degerfors
121,Syd,34,Yala
122,Bald,63,Simod
123,Jodi,87,Qaryat al Qābil
124,Antonia,60,Nijmegen
125,Wilhelm,84,Padre Burgos
126,Cindy,46,Xinyang
127,Mill,72,Molde
128,Robby,70,Banqiao
129,Elisabeth,69,Whittier
130,Billie,73,Nanjie
131,Lurette,100,Mantang
132,Murdock,69,Hoi
133,Gardie,78,Longcun
134,Aldin,47,Dërmënas
135,Judie,76,Mangulile
136,Cassey,26,Taouloukoult
137,Court,49,Obryte
138,Meridith,68,Gangbei
139,Aubrie,62,Hushi
140,Regan,65,Kansas City
141,Erica,54,Gýtheio
142,Louise,49,Czarna Woda
143,Sibbie,54,Dobre
144,Juana,92,Asíni
145,Dorey,79,Apucarana
146,Teddie,60,Yambio
147,Anna-diane,86,La Paz Centro
148,Fraze,76,Buriwutung
149,Byron,71,Wuqiao
150,Spenser,41,Batudulang
151,Herby,43,Horta
152,Jeanelle,61,Shangmachang
153,Guss,38,Tingsiqiao
154,Seamus,74,Huwan
155,Bianka,53,Visim
156,Beatrix,88,Palkovice
157,Gun,58,Magangué
158,Lilly,30,Krasnohrad
159,Raimundo,50,Pincher Creek
160,Kimmi,94,Eqlīd
161,Melly,37,Manicaragua
162,Parke,33,Santo Antônio do Içá
163,Jon,62,José de Freitas
164,Thedrick,47,Vodňany
165,Brewster,39,Somdet
166,Jerrome,98,Ujung Gading
167,Abram,91,Žiželice
168,Tristan,42,Lom Sak
169,Bertha,85,Puzi
170,Shermy,41,Kotabesi
171,Morgen,63,Dayuan
172,Rory,63,Shediac
173,Haywood,73,Jeziora Wielkie
174,Janelle,93,Baima
175,Carson,51,Guilin
176,Arnuad,22,Mogadishu
177,Georgianna,79,Cipicung
178,Miquela,68,Nanqi
179,Isabelle,83,Loacan
180,Ninnetta,67,Bébédja
181,Marijn,69,Gandi
182,Dinah,86,Liutao
183,Rene,47,Lairoka
184,Eb,30,Añatuya
185,Minnaminnie,83,Centar Župa
186,Udall,43,Satipo
187,Vanya,36,Klyuchi
188,Ula,82,Baitao
189,Stearne,32,Odrinhas
190,Saxe,78,Caldas
191,Sher,50,Xinminxiang
192,Agnesse,79,Duwaktenggi
193,Viviana,98,Sere
194,Jerrilee,40,Aibura
195,Jane,47,Nandong
196,Crissie,28,Chilliwack
197,Franky,81,Shaxi
198,Lorin,22,Nankou
199,Bernie,18,Muang Pakxan
200,Vivienne,57,Żarki
201,Gale,57,Kademangan
202,Phyllis,51,Dongqiao
203,Mortimer,89,Wuppertal
204,Gonzales,84,Naga
205,Dayna,44,Sterlibashevo
206,Erick,86,Yuncheng
207,Corina,55,Vila
208,Bondie,69,Varpaisjärvi
209,Lilllie,35,Andongrejo
210,Isaac,58,Gesik
211,Lynde,51,Sanjian
212,Tomas,58,Komyshany
213,Kenna,71,Manas
214,Orv,92,Béziers
215,Arron,59,Dadong
216,Forester,66,São Bernardo do Campo
217,Jere,71,Ettal
218,Land,35,Cataguases
219,Jerad,87,Kathu
220,Virgie,72,Filipowice
221,Coriss,70,Budy
222,Brooke,84,Michałów
223,Amalia,58,Yutsa
224,Jerrie,80,Kute
225,Brent,99,Lucban
226,Guntar,99,Radā‘
227,Read,59,Kurnāz
228,Leisha,72,Makin Village
229,Gratiana,89,‘Uzeir
230,Roarke,62,Shuyuan Zhen
231,Derrik,94,Quận Năm
232,Mei,90,Tayu
233,Katine,20,Piltown
234,Sarette,74,Changshan
235,Liana,38,Capitán Sarmiento
236,Tiphany,60,Nové Strašecí
237,Claire,96,Jiangzao
238,Erroll,18,Hedi
239,Jobey,35,Tambac
240,Lottie,78,Dadu
241,Nollie,100,Khenifra
242,Debera,94,Podsineye
243,Tommy,66,Minusinsk
244,Temple,28,Sumberkenanga
245,Ferne,92,Chernyanka
246,Gibbie,51,Nocaima
247,Rivkah,93,Episkopí
248,Philippine,30,Guéret
249,Allard,48,Thị Trấn Cao Lộc
250,Laurie,63,Jindui
251,Casie,86,Ordynskoye
252,Silas,68,Shimen
253,Darice,98,Xiashu
254,Ansel,66,Bobon
255,Junie,79,Tonggakjati
256,Susette,76,Bayanhongor
257,Elbertina,96,Solnechnoye
258,Katerina,79,Polovinnoye
